time,latitude,longitude,depth,mag,magType,nst,gap,dmin,rms,net,id,updated,place,type,horizontalError,depthError,magError,magNst,status,locationSource,magSource
2023-03-02T21:16:50.530Z,38.7876667,-122.7821667,2.72,3.59,mw,98,26,0.007106,0.06,nc,nc73854486,2023-03-03T16:38:07.618Z,"2km WNW of The Geysers, CA",earthquake,0.09,0.14,,6,reviewed,nc,nc
2023-03-02T21:16:17.210Z,38.7908333,-122.7758333,3.83,3.35,ml,109,25,0.00973,0.07,nc,nc73854491,2023-03-03T05:47:00.713Z,"2km NW of The Geysers, CA",earthquake,0.08,0.11,0.143,50,reviewed,nc,nc
2023-03-02T11:54:33.640Z,39.379,-122.8986667,9.58,2.72,md,87,61,0.1778,0.18,nc,nc73854361,2023-03-02T21:40:19.226Z,"6km ESE of Lake Pillsbury, CA",earthquake,0.19,0.41,0.264,94,reviewed,nc,nc
2023-03-02T09:09:37.904Z,37.2336,-104.5005,7.413,2.8,ml,15,71,0.119,0.78,us,us7000jgsg,2023-03-02T18:00:16.117Z,"Colorado",earthquake,1.95,6.121,0.066,30,reviewed,us,us
2023-03-02T00:38:17.981Z,31.68316872,-104.4116693,4.614794922,3,ml,15,72,0.03211105239,0.2,tx,tx2023efrl,2023-03-02T00:56:12.962Z,"54 km S of Whites City, New Mexico",earthquake,0.7181937489,0.8937067366,0.1,13,reviewed,tx,tx
2023-03-01T23:08:40.778Z,31.6792,-104.4618,11.314,2.5,ml,27,76,0.035,0.4,us,us7000jgp0,2023-03-01T23:26:40.040Z,"55 km S of Whites City, New Mexico",earthquake,2.29,4.972,0.074,44,reviewed,us,us
2023-03-01T11:35:43.760Z,48.6185,-123.03966666666666,14.23,2.73,ml,20,126,0.01791,0.17,uw,uw61900332,2023-03-03T07:51:58.891Z,"7 km WNW of Orcas, Washington",earthquake,0.35,0.44,0.18001598316856549,20,reviewed,uw,uw
2023-03-01T10:39:32.683Z,31.63969102,-104.1774567,6.080151367,2.6,ml,29,75,0.07573993338,0.2,tx,tx2023eepu,2023-03-02T08:22:17.040Z,"western Texas",earthquake,0.6065748042,0.8883209193,0.1,23,reviewed,tx,tx
2023-03-01T08:56:39.060Z,42.6933333,-111.2,1.58,2.57,ml,20,132,0.1028,0.22,uu,uu60532326,2023-03-02T22:58:59.629Z,"17 km W of Fairview, Wyoming",earthquake,0.76,2.02,0.171,7,reviewed,uu,uu
2023-03-01T07:09:40.820Z,38.8286667,-122.8148333,1.96,3.3,ml,97,18,0.006444,0.06,nc,nc73853396,2023-03-03T06:47:15.171Z,"8km NW of The Geysers, CA",earthquake,0.08,0.12,0.191,96,reviewed,nc,nc
2023-03-01T05:09:37.248Z,31.71531949,-104.3034427,6.697143555000001,2.6,ml,32,72,0.05474446538,0.2,tx,tx2023eeex,2023-03-01T18:56:48.551Z,"51 km S of Whites City, New Mexico",earthquake,0.6894871172,0.6212722763,0.1,25,reviewed,tx,tx
2023-03-01T03:41:00.661Z,31.16032345,-103.7288793,0.8871337891,2.8,ml,22,72,0.03049209389,0.2,tx,tx2023eeca,2023-03-01T19:08:59.551Z,"18 km SSE of Toyah, Texas",earthquake,0.9028550342,2.608081688,0.2,24,reviewed,tx,tx
2023-02-28T23:57:36.490Z,31.61692505,-103.9816128,7.249865723,2.9,ml,38,54,0.01255373139,0.1,tx,tx2023edup,2023-03-01T18:28:41.607Z,"37 km WSW of Mentone, Texas",earthquake,0.363280463,0.3975738163,0.2,38,reviewed,tx,tx
2023-02-28T23:27:17.891Z,31.61652709,-103.9976161,8.188208008,2.7,ml,17,56,0.01749258956,0.1,tx,tx2023edtq,2023-03-02T01:51:14.361Z,"38 km NNW of Toyah, Texas",earthquake,0.6654815903,0.7674035386,0.2,13,reviewed,tx,tx
2023-02-28T23:26:08.542Z,31.61345334,-103.9891287,8.483850098,4.1,ml,45,50,0.017525607,0.1,tx,tx2023edto,2023-03-01T23:32:25.121Z,"37 km NNW of Toyah, Texas",earthquake,0.3391566765,0.366288038,0.2,29,reviewed,tx,tx
2023-02-28T20:58:45.200Z,31.62546438,-104.3430795,6.131567383,2.7,ml,17,69,0.0811177723,0.1,tx,tx2023edos,2023-03-02T22:29:05.040Z,"61 km S of Whites City, New Mexico",earthquake,0.8325930895,0.9922031215,0.2,25,reviewed,tx,tx
2023-02-28T20:21:17.250Z,38.5163333,-119.5323333,3.79,2.96,ml,19,84,0.04125,0.04,nc,nc73853036,2023-03-02T20:46:14.040Z,"5km W of Walker, CA",earthquake,0.28,0.41,0.246,31,reviewed,nc,nc
2023-02-28T13:30:51.690Z,35.6128333,-117.4165,8.15,3.56,ml,37,41,0.09739,0.15,ci,ci40419496,2023-03-02T12:35:13.585Z,"17km SSW of Trona, CA",earthquake,0.15,0.53,0.187,120,reviewed,ci,ci
2023-02-28T03:36:34.140Z,38.7975,-122.8108333,3.73,2.92,md,86,33,0.01099,0.05,nc,nc73852681,2023-03-03T19:33:16.907Z,"5km WNW of The Geysers, CA",earthquake,0.09,0.15,0.174,98,reviewed,nc,nc
2023-02-28T02:18:04.500Z,35.6136667,-117.4145,7.92,3.15,ml,38,41,0.04739,0.16,ci,ci40419408,2023-03-01T03:08:40.040Z,"17km S of Trona, CA",earthquake,0.18,0.39,0.169,90,reviewed,ci,ci
2023-02-28T01:44:54.444Z,32.00249634,-103.816979,7.429821777,3,ml,20,60,0.0136752649,0.1,tx,tx2023ecco,2023-03-01T02:47:38.040Z,"34 km SE of Malaga, New Mexico",earthquake,0.497226766,0.477013001,0.2,16,reviewed,tx,tx
2023-02-28T00:25:30.360Z,37.5853333,-118.735,9.34,2.5,md,20,73,0.02115,0.03,nc,nc73852621,2023-03-01T05:39:13.554Z,"6km WNW of Toms Place, CA",earthquake,0.46,0.55,0.15,31,reviewed,nc,nc
2023-02-27T21:18:03.568Z,31.67908021,-104.438819,6.594311523,2.6,ml,46,51,0.02363865381,0.3,tx,tx2023ebtv,2023-02-28T18:02:58.119Z,"55 km S of Whites City, New Mexico",earthquake,0.708180693,0.6280752829,0.1,18,reviewed,tx,tx
2023-02-27T15:16:34.980Z,37.3953333,-118.4765,10.5,2.54,md,25,90,0.05085,0.07,nc,nc73852406,2023-03-01T16:41:35.040Z,"4km NNW of West Bishop, CA",earthquake,0.32,0.62,0.258,26,reviewed,nc,nc
2023-02-27T12:35:39.680Z,31.62408161,-104.2639767,6.131567383,3.1,ml,41,66,0.1265348775,0.2,tx,tx2023ebcp,2023-02-27T17:06:25.369Z,"56 km NW of Toyah, Texas",earthquake,0.7088927600000001,0.8427382269,0.2,24,reviewed,tx,tx
2023-02-27T11:34:09.214Z,44.6331,-113.6822,13.303,3,ml,29,72,0.625,0.62,us,us6000jrx0,2023-02-27T21:11:49.762Z,"26 km WSW of Leadore, Idaho",earthquake,3.28,7.086,0.042,74,reviewed,us,us
2023-02-27T10:53:03.926Z,31.65806694,-104.3091755,9.036572266,2.5,ml,30,58,0.1047671324,0.3,tx,tx2023eazf,2023-02-28T07:48:30.040Z,"57 km S of Whites City, New Mexico",earthquake,0.74183279,1.267264624,0.1,16,reviewed,tx,tx
2023-02-27T09:05:22.468Z,31.64014802,-104.1779978,6.080151367,3,ml,34,54,0.07638086857,0.2,tx,tx2023eavt,2023-02-27T16:28:25.079Z,"western Texas",earthquake,0.6440216469,1.443648961,0.1,19,reviewed,tx,tx
2023-02-27T09:04:35.883Z,31.64428938,-104.176949,6.131567383,3,ml,46,54,0.0792911906,0.3,tx,tx2023eavq,2023-02-27T16:50:48.966Z,"western Texas",earthquake,0.6078515504,0.6783660882,0.1,26,reviewed,tx,tx
2023-02-27T06:10:08.642Z,31.63946508,-104.176648,6.157275391,2.7,ml,41,65,0.07515569572,0.2,tx,tx2023eapw,2023-02-27T16:27:14.040Z,"51 km NW of Toyah, Texas",earthquake,0.6703646788,0.6677453367,0.2,22,reviewed,tx,tx
2023-02-26T19:26:15.510Z,35.6398333,-117.4556667,7.41,2.81,ml,41,59,0.05348,0.12,ci,ci40418976,2023-03-01T16:43:39.040Z,"15km SSW of Searles Valley, CA",earthquake,0.14,0.41,0.17,25,reviewed,ci,ci
2023-02-26T15:00:21.600Z,36.1246666666667,-89.7333333333333,5.53,2.56,md,61,57,0.02579,0.22,nm,nm60512801,2023-03-01T19:50:59.596Z,"9 km ENE of Steele, Missouri",earthquake,0.29,0.65,0.0698318642650171,53,reviewed,nm,nm
2023-02-25T07:31:39.133Z,38.1785,-117.797,10.2,3,ml,12,57.28,0.124,0.1729,nn,nn00856380,2023-02-27T19:40:33.591Z,"36 km SE of Mina, Nevada",earthquake,,1.5,0.23,8,reviewed,nn,nn
2023-02-24T15:28:00.374Z,31.68067827,-104.4059937,5.668823242,2.7,ml,17,65,0.03307507648,0.1,tx,tx2023dvvu,2023-02-24T19:46:24.236Z,"54 km S of Whites City, New Mexico",earthquake,1.05415901,1.338211102,0.1,19,reviewed,tx,tx
2023-02-24T03:36:17.542Z,36.9678,-104.8329,5,2.6,ml,13,81,0.159,0.4,us,us6000jr6i,2023-02-24T03:41:22.040Z,"18 km S of Weston, Colorado",earthquake,3.53,1.998,0.067,29,reviewed,us,us
2023-02-24T00:17:54.441Z,42.9833,-111.1582,11.862,3.3,ml,48,61,0.222,0.6,us,us6000jr5d,2023-02-25T15:23:18.622Z,"9 km W of Freedom, Idaho",earthquake,2.49,8.12,0.043,71,reviewed,us,us
2023-02-23T22:45:39.893Z,43.0063,-111.2307,13.218,2.8,ml,33,88,0.259,0.51,us,us6000jr4u,2023-02-24T02:08:22.343Z,"15 km W of Freedom, Idaho",earthquake,2.48,7.879,0.045,64,reviewed,us,us
2023-02-22T23:44:02.210Z,39.144,-123.2608333,5.6,2.64,md,55,47,0.06915,0.11,nc,nc73850431,2023-02-27T17:28:14.330Z,"4km W of Ukiah, CA",earthquake,0.17,0.91,0.233,55,reviewed,nc,nc
2023-02-22T20:01:57.170Z,38.8215,-122.8546667,2.29,2.91,ml,74,26,0.006277,0.06,nc,nc73850276,2023-03-02T22:32:50.040Z,"10km WNW of The Geysers, CA",earthquake,0.12,0.16,0.111,57,reviewed,nc,nc
2023-02-22T18:22:12.682Z,38.1577,-117.8891,8.7,3.5,ml,13,80.53,0.059,0.1197,nn,nn00856288,2023-03-02T22:10:04.040Z,"32 km SE of Mina, Nevada",earthquake,,1.2,0.21,9,reviewed,nn,nn
2023-02-22T16:48:46.740Z,31.67637027,-104.431795,6.851391602,2.6,ml,17,54,0.00638348194,0.1,tx,tx2023dshl,2023-02-23T11:10:03.986Z,"55 km S of Whites City, New Mexico",earthquake,1.099045361,0.901438438,0.1,27,reviewed,tx,tx
2023-02-22T15:48:21.610Z,40.5595,-124.2203333,15.63,3.07,ml,34,70,0.03697,0.11,nc,nc73850141,2023-02-26T08:23:37.105Z,"4km ESE of Ferndale, CA",earthquake,0.34,0.46,0.241,23,reviewed,nc,nc
2023-02-22T13:19:38.057Z,31.67217441,-104.3703876,6.234399414,2.5,ml,20,57,0.05493712214,0.1,tx,tx2023dsan,2023-03-01T09:50:19.040Z,"55 km S of Whites City, New Mexico",earthquake,0.6495278757,0.9817779598000002,0.1,28,reviewed,tx,tx
2023-02-22T11:49:48.645Z,31.66921585,-104.3657864,6.620019531,3.1,ml,40,46,0.05796417111,0.2,tx,tx2023drxo,2023-02-22T20:18:44.568Z,"56 km S of Whites City, New Mexico",earthquake,0.7434584312,1.056199107,0.2,25,reviewed,tx,tx
2023-02-22T11:31:00.650Z,31.66775369,-104.414489,4.897583008,2.6,ml,28,45,0.01891068981,0.2,tx,tx2023drwz,2023-02-22T21:01:01.121Z,"56 km S of Whites City, New Mexico",earthquake,1.087391024,1.287886703,0.1,16,reviewed,tx,tx
2023-02-22T11:19:41.506Z,31.674043,-104.365559,6.131567383,3.2,ml,37,46,0.05942307296,0.2,tx,tx2023drwp,2023-02-22T19:48:24.115Z,"55 km S of Whites City, New Mexico",earthquake,0.6782351348,0.7253531005,0.1,18,reviewed,tx,tx
2023-02-22T11:18:37.118Z,31.67358679,-104.3650167,6.131567383,2.9,ml,39,46,0.05972941695,0.2,tx,tx2023drwo,2023-02-22T20:39:27.344Z,"55 km S of Whites City, New Mexico",earthquake,0.7359308613999999,0.7023815649000001,0.1,24,reviewed,tx,tx
2023-02-22T09:41:16.274Z,31.67355987,-104.369323,6.388647461,2.9,ml,40,46,0.0562193607,0.2,tx,tx2023drti,2023-02-22T20:31:00.913Z,"55 km S of Whites City, New Mexico",earthquake,0.7887437063,0.8696501855,0.1,24,reviewed,tx,tx
2023-02-22T08:51:24.649Z,31.6721879,-104.3682345,7.211303711,4,ml,45,46,0.05669957537,0.2,tx,tx2023drrr,2023-02-23T08:57:09.267Z,"55 km S of Whites City, New Mexico",earthquake,0.7595570506,0.8489505565,0.2,26,reviewed,tx,tx
2023-02-22T07:44:10.283Z,31.67352601,-104.374706,6.645727539,4.2,ml,50,45,0.05186318022,0.2,tx,tx2023drpm,2023-02-24T23:14:50.760Z,"western Texas",earthquake,0.7295566402,0.9313321991,0.1,29,reviewed,tx,tx
2023-02-22T07:01:42.280Z,31.66798052,-104.3795021,7.93112793,2.6,ml,21,57,0.0463138002,0.1,tx,tx2023drob,2023-02-23T05:49:05.040Z,"56 km S of Whites City, New Mexico",earthquake,0.7352520525,1.120220635,0.2,25,reviewed,tx,tx
2023-02-22T06:55:02.006Z,31.67078894,-104.3714522,6.131567383,3.1,ml,35,46,0.0536754862,0.2,tx,tx2023drnw,2023-02-22T20:08:28.321Z,"55 km S of Whites City, New Mexico",earthquake,0.7192811269,0.716478516,0.2,26,reviewed,tx,tx
2023-02-21T23:38:16.412Z,32.75299072,-100.6594179,6.920694987,2.5,ml,23,48,0.08061221256,0.2,tx,tx2023dqzl,2023-02-22T21:14:47.552Z,"16 km NE of Hermleigh, Texas",earthquake,0.7769874533999999,1.063867854,0.1,13,reviewed,tx,tx
2023-02-21T20:48:43.471Z,31.6166812,-104.2725287,7.314135742,2.5,ml,38,60,0.05539547721,0.2,tx,tx2023dqtv,2023-02-22T10:55:13.345Z,"56 km NW of Toyah, Texas",earthquake,1.06667937,1.17132387,0.2,22,reviewed,tx,tx
2023-02-21T11:40:30.949Z,31.71768808,-104.2910744,7.57121582,2.8,ml,23,67,0.04931284233,0.3,tx,tx2023dqbu,2023-02-21T20:27:58.863Z,"51 km S of Whites City, New Mexico",earthquake,0.7158135893,0.761735277,0.1,14,reviewed,tx,tx
2023-02-21T09:46:09.748Z,38.0178,-115.777,4.1,2.7,ml,22,138.03,0.374,0.1721,nn,nn00856256,2023-02-28T09:11:31.040Z,"Nevada",earthquake,,3.4,0.21,16,reviewed,nn,nn
2023-02-21T09:04:38.960Z,36.7895,-121.3748333,3.85,2.61,md,63,59,0.06344,0.12,nc,nc73849261,2023-02-28T08:41:46.040Z,"3km SSW of Ridgemark, CA",earthquake,0.15,0.49,0.137,60,reviewed,nc,nc
2023-02-21T08:27:05.080Z,35.96233333,-96.75883333,6.97,2.56,ml,100,64,0,0.2,ok,ok2023dpvj,2023-02-21T18:33:49.571Z,"2 km SSE of Cushing, Oklahoma",earthquake,,0.4,0.2,35,reviewed,ok,ok
2023-02-21T07:33:26.184Z,31.63830216,-104.4201385,6.080151367,3.1,ml,23,65,0.02059713232,0.2,tx,tx2023dptp,2023-02-27T01:54:21.968Z,"59 km S of Whites City, New Mexico",earthquake,1.167501624,0.7949665915,0.1,14,reviewed,tx,tx
2023-02-20T02:17:35.059Z,32.75299072,-100.6551305,7.947794596,2.7,ml,18,62,0.0777733927,0.1,tx,tx2023dnnr,2023-02-20T22:01:05.842Z,"16 km NE of Hermleigh, Texas",earthquake,0.6675417334,1.082287028,0.1,10,reviewed,tx,tx
2023-02-19T11:41:42.447Z,32.74749756,-100.6679926,7.752156576,2.9,ml,25,70,0.08968274009,0.2,tx,tx2023dmku,2023-02-27T01:57:55.183Z,"15 km NE of Hermleigh, Texas",earthquake,1.322011555,2.381501097,0.1,14,reviewed,tx,tx
2023-02-19T02:24:23.390Z,40.964,-109.5098333,8.87,2.92,ml,17,154,0.3954,0.17,uu,uu60531596,2023-02-19T04:12:07.490Z,"10 km WNW of Dutch John, Utah",earthquake,0.61,0.98,0.184,16,reviewed,uu,uu
2023-02-18T22:33:57.310Z,38.7908325,-122.7731705,-0.23,2.57,md,47,32,0.01176,0.08,nc,nc73848286,2023-02-19T02:19:14.366Z,"2km NW of The Geysers, CA",earthquake,0.14,0.27,0.23,53,automatic,nc,nc
2023-02-18T02:35:20.340Z,36.0061667,-117.364,0.06,2.9,ml,30,75,0.1323,0.17,ci,ci40415808,2023-02-19T16:51:13.336Z,"27km N of Searles Valley, CA",earthquake,0.24,0.49,0.13,60,reviewed,ci,ci
2023-02-17T21:54:05.740Z,38.9031666666667,-82.0403333333333,0.08,2.61,md,11,122,0.7716,0.3,se,se60500438,2023-02-27T19:08:37.049Z,"7 km SE of Cheshire, Ohio",earthquake,0.69,3.42,0.0761926217546476,7,reviewed,se,se
2023-02-17T20:45:57.679Z,36.38233333,-97.64483333,7.74,3.11,ml,98,31,0,0.19,ok,ok2023djlr,2023-02-18T03:48:05.837Z,"6 km ENE of Fairmont, Oklahoma",earthquake,,0.5,0.22,41,reviewed,ok,ok
2023-02-17T15:58:55.150Z,39.7455,-124.043,5.64,2.62,md,33,186,0.176,0.15,nc,nc73847776,2023-02-22T19:55:13.832Z,"18km W of Cape Vizcaino, CA",earthquake,0.46,0.75,0.168,26,reviewed,nc,nc
2023-02-17T15:58:27.550Z,39.7516667,-124.0443333,4.41,2.52,md,38,186,0.1774,0.2,nc,nc73847771,2023-02-22T19:40:16.639Z,"18km W of Cape Vizcaino, CA",earthquake,0.58,1.07,0.168,30,reviewed,nc,nc
2023-02-17T14:36:10.870Z,40.2818333,-124.5003333,19.77,2.93,md,32,247,0.1208,0.13,nc,nc73847741,2023-02-20T23:08:13.612Z,"19km WSW of Petrolia, CA",earthquake,0.6,0.26,0.155,61,reviewed,nc,nc
2023-02-16T19:13:53.450Z,38.8388329,-122.8191681,1.95,2.62,md,51,38,0.01275,0.06,nc,nc73847376,2023-02-22T02:13:20.500Z,"8km WNW of Cobb, CA",earthquake,0.16,0.24,0.15,56,automatic,nc,nc
2023-02-16T12:37:25.607Z,31.3667,-115.7109,21.518,2.8,ml,29,177,0.067,1.56,us,us6000jpdm,2023-02-17T06:18:52.040Z,"51 km E of San Vicente, Mexico",earthquake,3.14,7.023,0.094,15,reviewed,us,us
2023-02-16T12:25:28.086Z,32.75665283,-100.6508432,8.192342122,2.5,ml,16,94,0.07266699627,0.1,tx,tx2023dgzt,2023-02-17T06:16:03.040Z,"16 km NE of Hermleigh, Texas",earthquake,0.7606245569,1.131137105,0.1,13,reviewed,tx,tx
2023-02-16T10:42:32.399Z,32.74932861,-100.6594179,9.121622721,2.6,ml,18,70,0.08288434074,0.1,tx,tx2023dgwi,2023-02-17T06:13:57.040Z,"15 km NE of Hermleigh, Texas",earthquake,0.5881133163,0.737318453,0.1,14,reviewed,tx,tx
2023-02-16T10:29:04.966Z,32.7456665,-100.6594179,7.849975586,4.7,ml,33,48,0.08525345248,0.3,tx,tx2023dgvx,2023-02-23T22:33:19.453Z,"15 km NE of Hermleigh, Texas",earthquake,1.270893694,2.612447472,0.1,16,reviewed,tx,tx
2023-02-16T09:07:35.320Z,41.507,-112.1761667,7.26,3.17,ml,43,72,0.1001,0.21,uu,uu60531356,2023-02-22T23:36:31.912Z,"7 km SW of Corinne, Utah",earthquake,0.32,0.63,0.104,24,reviewed,uu,uu
2023-02-16T05:03:36.439Z,31.64805961,-104.4040832,7.159887695,3,ml,39,64,0.02518615648,0.3,tx,tx2023dgle,2023-02-24T18:44:02.897Z,"58 km S of Whites City, New Mexico",earthquake,1.023250265,1.231860462,0.1,23,reviewed,tx,tx
2023-02-16T02:46:47.340Z,38.8303337,-122.8181686,1.86,2.55,md,55,36,0.00938,0.06,nc,nc73847056,2023-02-16T18:10:19.040Z,"8km NW of The Geysers, CA",earthquake,0.13,0.2,0.16,66,automatic,nc,nc
2023-02-16T02:26:33.890Z,31.5968333,-116.0198333,9,2.8,ml,13,188,0.2873,0.12,ci,ci40415072,2023-02-16T17:08:49.040Z,"53km ESE of Maneadero, B.C., MX",earthquake,0.42,1.16,0.163,44,reviewed,ci,ci
2023-02-15T08:49:23.933Z,31.6742795,-104.4005523,6.131567383,2.8,ml,17,66,0.03237622856,0.3,tx,tx2023dexc,2023-02-15T23:34:06.607Z,"55 km S of Whites City, New Mexico",earthquake,1.124089835,1.16728297,0.1,10,reviewed,tx,tx
2023-02-14T22:01:55.667Z,32.10754395,-102.1353373,7.874430339,2.9,ml,17,79,0.03473961718,0.2,tx,tx2023debt,2023-02-17T21:09:48.245Z,"13 km NNW of Midland, Texas",earthquake,0.6518244796,1.453149027,0.2,13,reviewed,tx,tx
2023-02-14T17:41:39.090Z,40.224,-123.1501667,39.42,3,ml,77,25,0.2123,0.15,nc,nc73846356,2023-02-15T00:40:13.031Z,"37km S of Hayfork, CA",earthquake,0.23,0.55,0.212,21,reviewed,nc,nc
2023-02-14T03:16:35.216Z,44.462,-115.2003,16.253,2.7,ml,15,62,0.846,0.44,us,us6000jnpm,2023-02-15T02:57:40.249Z,"34 km NW of Stanley, Idaho",earthquake,1.93,7.394,0.062,34,reviewed,us,us
2023-02-14T03:06:51.280Z,37.5661667,-118.9276667,8.68,2.84,md,29,72,0.04691,0.04,nc,nc73846081,2023-02-18T02:50:14.206Z,"9km SSE of Mammoth Lakes, CA",earthquake,0.22,0.56,0.1,47,reviewed,nc,nc
2023-02-14T00:54:54.050Z,37.5656667,-118.9258333,9.04,2.84,ml,31,54,0.04711,0.04,nc,nc73845971,2023-02-26T05:13:39.040Z,"9km SSE of Mammoth Lakes, CA",earthquake,0.21,0.49,0.257,23,reviewed,nc,nc
2023-02-13T13:03:46.260Z,36.22,-117.8596667,2.97,2.87,ml,31,51,0.1023,0.16,ci,ci40414144,2023-02-20T16:00:21.040Z,"15km ESE of Olancha, CA",earthquake,0.19,0.75,0.217,63,reviewed,ci,ci
2023-02-13T12:15:16.554Z,44.1915,-115.1168,10,2.5,ml,16,72,0.809,0.36,us,us6000jnku,2023-02-13T12:25:50.040Z,"14 km WSW of Stanley, Idaho",earthquake,1.63,2,0.05,52,reviewed,us,us
2023-02-13T11:19:10.380Z,37.5066667,-118.7941667,9.04,2.69,md,29,59,0.07089,0.04,nc,nc73845701,2023-02-17T22:54:16.898Z,"12km WSW of Toms Place, CA",earthquake,0.26,0.64,0.146,53,reviewed,nc,nc
2023-02-13T10:09:46.070Z,32.9858333,-115.9256667,11.07,3.24,ml,79,39,0.09067,0.25,ci,ci40414104,2023-02-17T10:22:45.569Z,"26km SE of Ocotillo Wells, CA",earthquake,0.18,0.49,0.167,121,reviewed,ci,ci
2023-02-13T10:07:48.372Z,43.5553,-107.3955,11.104,3.7,ml,21,68,1.107,0.58,us,us6000jnke,2023-02-14T10:12:27.718Z,"53 km S of Ten Sleep, Wyoming",earthquake,4.44,7.818,0.046,62,reviewed,us,us
2023-02-13T06:48:23.041Z,31.66423706,-104.4585951,8.75378418,2.5,ml,34,65,0.02403775758,0.2,tx,tx2023dbcd,2023-02-17T21:17:33.040Z,"57 km S of Whites City, New Mexico",earthquake,0.9562700403,0.6901015158,0.1,25,reviewed,tx,tx
2023-02-12T20:34:24.157Z,32.74932861,-100.6572742,8.290161133,3.1,ml,20,57,0.08149686084,0.1,tx,tx2023dahw,2023-02-20T16:02:33.040Z,"15 km NE of Hermleigh, Texas",earthquake,0.7075737672,1.05498376,0.1,10,reviewed,tx,tx
2023-02-12T20:12:16.840Z,40.5968333,-123.847,24.52,2.64,md,39,59,0.05879,0.14,nc,nc73845416,2023-02-20T16:05:47.040Z,"22km ENE of Hydesville, CA",earthquake,0.27,0.69,0.112,45,reviewed,nc,nc
2023-02-12T20:08:17.977Z,32.75115967,-100.6615615,7.752156576,2.6,ml,25,57,0.08315822377,0.2,tx,tx2023dagz,2023-02-20T16:06:15.040Z,"15 km NE of Hermleigh, Texas",earthquake,0.7814581566,1.103120363,0.1,16,reviewed,tx,tx
2023-02-12T19:23:17.172Z,31.65205839,-104.3898571,4.511962890999999,3,ml,25,63,0.03619784144,0.2,tx,tx2023dafm,2023-02-20T16:10:40.040Z,"58 km S of Whites City, New Mexico",earthquake,1.116702536,1.110259114,0.1,15,reviewed,tx,tx
2023-02-12T18:30:38.070Z,36.6335,-98.49833333,2.4,2.61,ml,96,61,0.1196765154,0.21,ok,ok2023dadt,2023-02-20T16:15:01.040Z,"6 km ESE of Dacoma, Oklahoma",earthquake,,0.6,0.22,42,reviewed,ok,ok
2023-02-12T15:30:32.340Z,40.3918333,-124.3646667,21.21,2.9,ml,36,203,0.08618,0.13,nc,nc73845301,2023-02-14T00:37:14.354Z,"10km NW of Petrolia, CA",earthquake,0.38,0.22,0.184,26,reviewed,nc,nc
2023-02-12T13:31:20.040Z,33.1791667,-115.6121667,2.28,2.61,ml,57,85,0.003369,0.23,ci,ci40413800,2023-02-18T02:18:59.299Z,"11km WNW of Calipatria, CA",earthquake,0.24,0.25,0.173,37,reviewed,ci,ci
2023-02-12T12:57:06.698Z,31.99327185,-103.882719,7.005639647999999,2.6,ml,27,87,0.07371174224,0.2,tx,tx2023czst,2023-02-14T18:54:48.943Z,"31 km SE of Malaga, New Mexico",earthquake,0.8153377889999999,1.242139439,0.2,36,reviewed,tx,tx
2023-02-12T06:01:34.230Z,39.3948333,-112.1028333,2.45,2.96,ml,21,60,0.05576,0.18,uu,uu60530961,2023-02-13T14:33:46.271Z,"Utah",earthquake,0.37,1.77,0.172,20,reviewed,uu,uu
2023-02-12T01:22:17.621Z,43.5344,-110.398,5,3.5,ml,30,79,0.169,0.55,us,us6000jnd8,2023-02-16T18:37:35.398Z,"20 km ESE of Kelly, Wyoming",earthquake,1.62,0.495,0.051,50,reviewed,us,us
2023-02-12T00:46:55.050Z,40.5441667,-124.6026667,21.1,2.57,md,34,245,0.2135,0.15,nc,nc73845136,2023-02-27T00:03:37.040Z,"29km W of Ferndale, CA",earthquake,0.52,0.37,0.238,31,reviewed,nc,nc
2023-02-11T20:27:18.949Z,32.75115967,-100.6529869,8.925984701,3.5,ml,21,70,0.07756297623,0.2,tx,tx2023cymd,2023-03-03T06:36:25.086Z,"16 km NE of Hermleigh, Texas",earthquake,0.6606063484,1.090392179,0.1,11,reviewed,tx,tx
2023-02-11T19:45:40.610Z,32.889,-116.2381667,5.56,2.5,ml,75,50,0.08537,0.21,ci,ci40413576,2023-02-13T17:07:29.630Z,"28km ENE of Pine Valley, CA",earthquake,0.15,0.61,0.141,66,reviewed,ci,ci
2023-02-11T19:21:55.780Z,31.9108333,-116.3773333,22.46,2.77,ml,15,192,0.3768,0.16,ci,ci40413568,2023-03-03T06:17:00.040Z,"23km ENE of Ensenada, B.C., MX",earthquake,0.62,1.92,0.145,56,reviewed,ci,ci
2023-02-11T06:05:16.040Z,33.8841667,-119.3038333,5.9,2.83,ml,36,157,0.3042,0.27,ci,ci40413368,2023-02-23T13:46:47.040Z,"26km SE of Santa Cruz Is. (E end), CA",earthquake,0.68,31.61,0.132,84,reviewed,ci,ci
2023-02-11T02:29:01.909Z,37.5394,-97.868,5,3.2,mb_lg,30,69,0.395,0.29,us,us6000jn7s,2023-03-03T05:04:05.514Z,"9 km N of Norwich, Kansas",earthquake,1.62,2.002,0.043,140,reviewed,us,us
2023-02-11T00:55:51.600Z,34.1078333,-122.726,10.01,2.98,md,25,287,1.964,0.23,nc,nc73844746,2023-02-11T20:50:12.399Z,"215km WSW of Vandenberg Air Force Base, CA",earthquake,2.76,31.61,0.188,31,reviewed,nc,nc
2023-02-10T22:43:10.033Z,31.67567958,-104.5286897,5.874487305,2.5,ml,21,79,0.02483543506,0.2,tx,tx2023cwvc,2023-02-14T21:00:37.745Z,"57 km SSW of Whites City, New Mexico",earthquake,1.087800654,0.4315919894,0.2,12,reviewed,tx,tx
2023-02-10T15:36:32.450Z,38.8355,-122.8395,1.94,2.78,md,64,24,0.004397,0.07,nc,nc73844546,2023-02-16T19:16:13.506Z,"10km NW of The Geysers, CA",earthquake,0.14,0.21,0.181,63,reviewed,nc,nc
2023-02-10T14:31:10.270Z,44.7955,-110.9661667,11.02,2.79,ml,29,40,0.04604,0.16,uu,uu60530861,2023-02-11T06:01:08.040Z,"17 km E of Hebgen Lake Estates, Montana",earthquake,0.33,0.44,0.161,4,reviewed,uu,uu
2023-02-10T12:35:44.790Z,40.9846667,-123.6216667,28.51,2.91,md,60,56,0.1383,0.18,nc,nc73844506,2023-02-25T13:54:14.040Z,"5km N of Willow Creek, CA",earthquake,0.27,0.75,0.189,53,reviewed,nc,nc
2023-02-10T12:18:40.011Z,32.7557373,-100.6476277,7.091878255,2.6,ml,20,57,0.07115826608,0.2,tx,tx2023cwam,2023-02-25T13:52:32.040Z,"16 km NE of Hermleigh, Texas",earthquake,0.6617691488,1.371653953,0.1,13,reviewed,tx,tx
2023-02-10T11:57:05.367Z,44.2555,-115.1126,10,2.5,ml,19,68,0.857,0.6,us,us6000jn2p,2023-02-25T13:50:05.040Z,"southern Idaho",earthquake,3.04,2.012,0.047,60,reviewed,us,us
2023-02-10T04:42:46.875Z,32.75115967,-100.6508432,7.556518555000001,2.7,ml,14,88,0.07620667651,0.1,tx,tx2023cvll,2023-03-03T01:51:58.040Z,"western Texas",earthquake,0.6421639391,1.082636578,0.1,10,reviewed,tx,tx
2023-02-10T04:41:13.551Z,32.75299072,-100.6529869,8.192342122,2.6,ml,13,70,0.07637828816,0.2,tx,tx2023cvlk,2023-03-03T01:47:33.040Z,"16 km NE of Hermleigh, Texas",earthquake,0.7182007486,1.306737081,0.1,9,reviewed,tx,tx
2023-02-10T04:31:17.838Z,32.7520752,-100.651915,7.287516276,2.7,ml,20,57,0.07628170899,0.2,tx,tx2023cvlb,2023-03-03T01:43:28.040Z,"16 km NE of Hermleigh, Texas",earthquake,0.5702376642,1.0655385,0.1,13,reviewed,tx,tx
2023-02-10T03:51:16.543Z,32.75299072,-100.6529869,7.654337565,2.7,ml,17,64,0.07637828816,0.2,tx,tx2023cvjt,2023-03-03T01:40:15.040Z,"16 km NE of Hermleigh, Texas",earthquake,0.7052597722,1.918043503,0.1,13,reviewed,tx,tx
2023-02-10T03:10:58.540Z,36.5463333333333,-89.7118333333333,6.63,3.12,md,71,25,0.03816,0.14,nm,nm60509971,2023-03-03T01:35:58.040Z,"7 km S of Catron, Missouri",earthquake,0.14,0.45,0.153181398347796,56,reviewed,nm,nm
2023-02-09T23:28:51.187Z,31.67973084,-104.410292,6.131567383,2.6,ml,21,56,0.02998447251,0.2,tx,tx2023cvbc,2023-02-14T18:59:25.656Z,"55 km S of Whites City, New Mexico",earthquake,1.074795869,0.7814348823,0.1,12,reviewed,tx,tx
2023-02-09T17:43:05.660Z,38.7931667,-122.7606667,2.59,2.74,md,85,31,0.007485,0.06,nc,nc73844071,2023-02-22T18:58:29.040Z,"2km NNW of The Geysers, CA",earthquake,0.1,0.17,0.158,103,reviewed,nc,nc
2023-02-09T13:40:34.112Z,31.66338871,-104.4483599,6.080151367,2.6,ml,20,69,0.01567483439,0.2,tx,tx2023cuhr,2023-02-14T19:21:23.688Z,"57 km S of Whites City, New Mexico",earthquake,0.7308193352,0.4533646337,0.2,14,reviewed,tx,tx
2023-02-09T10:52:51.830Z,35.678,-117.5535,7.38,2.5,ml,35,59,0.09285,0.12,ci,ci40412640,2023-02-12T16:22:40.900Z,"13km ENE of Ridgecrest, CA",earthquake,0.14,0.62,0.123,100,reviewed,ci,ci
2023-02-09T10:19:53.680Z,36.133,-120.2431667,9.44,2.72,md,48,182,0.09717,0.07,nc,nc73843876,2023-02-10T22:48:15.146Z,"10km E of Coalinga, CA",earthquake,0.55,0.3,0.135,105,reviewed,nc,nc
2023-02-09T10:13:10.450Z,36.1451667,-120.2365,10.85,3.34,ml,68,86,0.1027,0.11,nc,nc73843856,2023-02-15T13:49:02.916Z,"11km E of Coalinga, CA",earthquake,0.18,0.28,0.174,115,reviewed,nc,nc
2023-02-09T10:08:07.330Z,36.1208333,-120.2536667,9.43,2.52,md,41,126,0.09014,0.06,nc,nc73843851,2023-02-10T20:48:15.445Z,"10km ESE of Coalinga, CA",earthquake,0.2,0.28,0.172,84,reviewed,nc,nc
2023-02-09T08:08:43.190Z,40.2891667,-124.5355,20.16,2.8,ml,47,237,0.1476,0.18,nc,nc73843826,2023-03-02T14:17:54.040Z,"22km W of Petrolia, CA",earthquake,0.56,0.25,0.222,28,reviewed,nc,nc
2023-02-09T01:21:42.531Z,38.0317,-75.0604,11.195,2.6,ml,15,186,0.37,0.27,us,us6000jmm3,2023-02-15T09:02:20.357Z,"29 km E of Greenbackville, Virginia",earthquake,2.9,8.457,0.085,18,reviewed,us,us
2023-02-08T18:45:13.808Z,44.2806,-115.2597,10,2.8,ml,24,52,0.871,0.98,us,us6000jmjt,2023-02-22T18:43:09.040Z,"26 km WNW of Stanley, Idaho",earthquake,3.61,2.008,0.042,74,reviewed,us,us
2023-02-08T03:44:14.060Z,44.7918333,-110.9661667,9.97,2.91,ml,24,116,0.04322,0.16,uu,uu60530486,2023-02-08T16:21:31.703Z,"17 km E of Hebgen Lake Estates, Montana",earthquake,0.43,0.55,0.11,5,reviewed,uu,uu
2023-02-08T02:16:22.633Z,31.60917136,-103.9630189,7.455529785000001,2.6,ml,16,61,0.005196541634,0.1,tx,tx2023crpp,2023-02-14T19:24:16.801Z,"36 km WSW of Mentone, Texas",earthquake,0.3535371448,0.3911534582999999,0.2,10,reviewed,tx,tx
2023-02-07T20:36:37.120Z,37.6246667,-118.8318333,3.28,2.73,ml,29,57,0.006451,0.04,nc,nc73843161,2023-02-10T02:48:13.269Z,"13km E of Mammoth Lakes, CA",earthquake,0.25,0.28,0.227,28,reviewed,nc,nc
2023-02-07T16:51:31.659Z,31.68366016,-104.4068284,5.797363281,2.6,ml,16,65,0.01660173819,0.1,tx,tx2023cqxa,2023-02-14T20:27:03.040Z,"54 km S of Whites City, New Mexico",earthquake,0.931657151,0.8518305169,0.1,15,reviewed,tx,tx
2023-02-07T16:44:10.094Z,31.6695,-104.4018,5,2.6,ml,29,49,0.023,0.38,us,us6000jm9a,2023-02-14T20:31:42.581Z,"56 km S of Whites City, New Mexico",earthquake,1.23,1.324,0.057,56,reviewed,us,us
2023-02-07T13:18:04.400Z,33.4216667,-118.8061667,5.78,2.83,ml,29,183,0.3278,0.26,ci,ci40411800,2023-02-14T20:42:09.040Z,"24km ESE of Santa Barbara Is., CA",earthquake,0.56,31.61,0.159,25,reviewed,ci,ci
2023-02-07T12:08:38.490Z,38.7898333,-122.7561667,2.22,2.77,md,101,25,0.01113,0.1,nc,nc73842956,2023-02-15T18:26:13.551Z,"1km N of The Geysers, CA",earthquake,0.11,0.2,0.167,95,reviewed,nc,nc
2023-02-06T14:56:54.296Z,32.8793335,-100.9338081,5.600138346,3,ml,15,61,0.02420165042,0.3,tx,tx2023coxt,2023-02-19T17:23:53.040Z,"17 km N of Snyder, Texas",earthquake,0.7840788185,1.01513195,0.2,12,reviewed,tx,tx
2023-02-06T11:15:49.769Z,42.8605,-78.7853,5.677,3.8,mb_lg,23,114,0.389,0.47,us,us6000jlqv,2023-03-01T15:35:16.007Z,"1 km NE of West Seneca, New York",earthquake,2.18,7.439,0.208,6,reviewed,us,us
2023-02-06T09:53:42.790Z,40.5401667,-124.489,23.88,2.88,md,33,234,0.1323,0.12,nc,nc73842546,2023-02-13T10:43:06.040Z,"19km WSW of Ferndale, CA",earthquake,0.71,0.52,0.101,53,reviewed,nc,nc
2023-02-05T23:55:48.690Z,35.7436667,-121.2573333,4.99,2.55,md,61,181,0.1043,0.09,nc,nc73842386,2023-02-08T02:53:38.396Z,"13km NNW of San Simeon, CA",earthquake,0.23,0.73,0.146,55,reviewed,nc,nc
2023-02-05T14:46:39.336Z,44.4418,-114.5757,10,2.7,ml,19,69,0.689,0.76,us,us6000jlk5,2023-02-05T17:26:37.040Z,"",earthquake,1.58,1.996,0.066,30,reviewed,us,us
2023-02-05T07:01:48.399Z,44.4374,-115.2238,10,2.5,ml,14,61,0.715,0.73,us,us6000jlit,2023-03-01T11:05:38.181Z,"33 km NW of Stanley, Idaho",earthquake,2,2.011,0.061,35,reviewed,us,us
2023-02-05T04:39:10.441Z,49.921,-116.3743,10,3.9,ml,17,105,1.536,0.58,us,us6000jli2,2023-03-03T01:20:02.844Z,"39 km NW of Kimberley, Canada",earthquake,2.91,2.001,0.045,66,reviewed,us,us
2023-02-05T03:25:30.688Z,38.1613,-117.8976,11.9,2.5,ml,9,79.99,0.054,0.1492,nn,nn00855710,2023-03-03T01:11:10.040Z,"31 km SE of Mina, Nevada",earthquake,,1.1,0.42,5,reviewed,nn,nn
2023-02-05T03:23:06.540Z,38.1675,-117.8921,11.4,3.5,ml,11,66.37,0.06,0.0991,nn,nn00855707,2023-03-03T01:07:30.040Z,"31 km SE of Mina, Nevada",earthquake,,1.1,0.18,7,reviewed,nn,nn
2023-02-05T00:48:22.336Z,31.70454017,-104.1676551,7.10847168,2.6,ml,26,61,0.0547277868,0.2,tx,tx2023cmaf,2023-02-14T20:33:00.488Z,"53 km W of Mentone, Texas",earthquake,0.6175247124,0.6854225888999999,0.2,19,reviewed,tx,tx
2023-02-04T22:44:46.550Z,32.2301667,-115.2376667,16.19,2.69,ml,22,128,0.155,0.24,ci,ci40411040,2023-02-25T01:43:11.040Z,"6km W of Alberto Oviedo Mota, B.C., MX",earthquake,0.62,1.22,0.191,44,reviewed,ci,ci
2023-02-04T19:40:20.272Z,31.61968782,-103.9800113,6.992785645,3.7,ml,22,54,0.01310956398,0.1,tx,tx2023clqb,2023-02-24T03:48:32.506Z,"37 km WSW of Mentone, Texas",earthquake,0.5672051847,0.3908792803,0.2,12,reviewed,tx,tx
2023-02-04T17:38:28.949Z,38.3342,-115.8663,10.4,3,ml,7,127.29,0.696,0.1894,nn,nn00855693,2023-03-01T22:22:20.040Z,"77 km N of Rachel, Nevada",earthquake,,4.2,0.21,5,reviewed,nn,nn
2023-02-04T17:16:03.183Z,28.88305664,-98.10248162,4.010579427,2.6,ml,15,82,0.1246323508,0.1,tx,tx2023cllh,2023-03-01T20:46:06.040Z,"13 km SW of Falls City, Texas",earthquake,1.026644567,2.395501673,0.2,12,reviewed,tx,tx
2023-02-04T15:12:03.504Z,32.75482178,-100.6572742,6.382690430000001,2.5,ml,14,57,0.07806788229,0.2,tx,tx2023clhe,2023-02-14T20:57:19.846Z,"16 km NE of Hermleigh, Texas",earthquake,1.043149589,2.131933196,0.1,8,reviewed,tx,tx
2023-02-04T13:22:20.761Z,44.2573,-114.7944,10,2.8,ml,14,67,0.747,0.29,us,us6000jlei,2023-02-25T21:16:46.040Z,"",earthquake,1.84,2.013,0.053,46,reviewed,us,us
2023-02-04T09:39:22.165Z,44.3785,-115.1606,10,2.5,ml,20,58,0.928,0.4,us,us6000jld2,2023-02-26T11:13:45.040Z,"25 km NW of Stanley, Idaho",earthquake,1.33,1.993,0.056,42,reviewed,us,us
2023-02-04T09:11:34.400Z,35.5225,-120.838,5.81,2.67,md,60,64,0.08439,0.06,nc,nc73841756,2023-02-26T11:08:18.040Z,"10km NNE of Cayucos, CA",earthquake,0.15,0.45,0.108,67,reviewed,nc,nc
2023-02-04T05:59:44.410Z,34.0393333,-117.2003333,11.78,2.79,ml,141,19,0.03973,0.16,ci,ci40410680,2023-02-15T12:55:38.040Z,"2km SW of Redlands, CA",earthquake,0.09,0.23,0.138,173,reviewed,ci,ci
2023-02-04T05:49:45.070Z,34.524,-118.6701667,2.64,2.51,ml,90,15,0.09983,0.26,ci,ci40410664,2023-02-15T12:54:08.040Z,"6km NW of Castaic, CA",earthquake,0.16,0.39,0.138,126,reviewed,ci,ci
2023-02-04T02:21:16.719Z,32.27142334,-101.9284728,7.801066081,3.1,ml,15,83,0.04041572444,0.1,tx,tx2023ckhu,2023-02-24T02:30:47.040Z,"20 km NW of Stanton, Texas",earthquake,0.4784074539,0.783230111,0.2,11,reviewed,tx,tx
2023-02-03T20:56:59.224Z,32.7520752,-100.6476277,8.754801432,3,ml,17,59,0.0735853015,0.3,tx,tx2023cjxc,2023-03-01T20:21:22.040Z,"",earthquake,0.9001078435999998,1.607672675,0,6,reviewed,tx,tx
2023-02-03T19:18:33.507Z,32.75482178,-100.6529869,8.290161133,3.5,ml,14,57,0.0752195689,0.2,tx,tx2023cjtv,2023-03-01T20:12:37.040Z,"16 km NE of Hermleigh, Texas",earthquake,0.7909934576,1.272461096,0.1,10,reviewed,tx,tx
2023-02-03T19:18:33.501Z,32.75482178,-100.6551305,8.82816569,3.5,ml,23,70,0.07663574122,0.2,tx,tx2023cjua,2023-02-14T17:46:32.833Z,"16 km NE of Hermleigh, Texas",earthquake,0.7309460897,0.9445378902,0.1,11,reviewed,tx,tx
2023-02-03T13:39:12.569Z,28.89678955,-98.10765165,5.453409831,2.6,ml,15,84,0.1222754361,0.2,tx,tx2023cjiq,2023-02-06T15:36:35.725Z,"12 km SW of Falls City, Texas",earthquake,1.406263534,3.897832483,0.1,6,reviewed,tx,tx
2023-02-03T07:58:23.721Z,32.73284912,-100.6594179,0.0244547526,2.5,ml,25,57,0.09420080505,0.2,tx,tx2023cixk,2023-02-15T12:22:14.040Z,"western Texas",earthquake,0.9627427054,0.612353558,0.1,21,reviewed,tx,tx
2023-02-03T05:21:06.276Z,28.87664795,-98.15728401,9.463989258,2.7,ml,14,78,0.2407985629,0.2,tx,tx2023cisf,2023-02-15T11:58:54.040Z,"18 km SW of Falls City, Texas",earthquake,1.533175311,3.912837587,0,7,reviewed,tx,tx
2023-02-02T23:44:54.580Z,33.9721667,-116.8266667,17.19,2.5,ml,105,20,0.06475,0.14,ci,ci40165671,2023-02-19T06:22:29.040Z,"7km NE of Banning, CA",earthquake,0.1,0.24,0.162,26,reviewed,ci,ci
2023-02-02T23:36:52.340Z,42.6888333,-111.11,6.9,2.62,ml,19,86,0.07685,0.19,uu,uu60529956,2023-02-03T15:56:25.430Z,"10 km W of Fairview, Wyoming",earthquake,0.68,0.97,0.139,6,reviewed,uu,uu
2023-02-02T23:35:46.520Z,38.2083333,-119.2108333,10.48,2.99,ml,39,82,0.1624,0.07,nc,nc73841171,2023-02-19T05:46:07.040Z,"6km SSE of Bridgeport, CA",earthquake,0.2,0.62,0.428,29,reviewed,nc,nc
2023-02-02T18:44:11.951Z,44.2812,-114.8652,14.168,3,ml,44,34,0.789,0.77,us,us6000jl11,2023-02-28T21:01:38.040Z,"9 km NE of Stanley, Idaho",earthquake,4.3,7.696,0.034,116,reviewed,us,us
2023-02-02T15:38:41.263Z,44.3188,-114.6443,12.753,2.8,ml,24,61,0.774,0.62,us,us6000jkzz,2023-03-01T17:52:21.058Z,"20 km WNW of Clayton, Idaho",earthquake,1.85,7.258,0.032,126,reviewed,us,us
2023-02-02T09:22:45.816Z,31.66965924,-104.4042788,7.314135742,2.9,ml,19,57,0.02723225679,0.2,tx,tx2023cher,2023-03-02T12:14:09.040Z,"56 km S of Whites City, New Mexico",earthquake,0.9504668182,0.9043534697,0.1,24,reviewed,tx,tx
2023-02-02T05:33:09.290Z,31.65565352,-104.3664765,7.468383789,2.7,ml,44,59,0.05589683111,0.2,tx,tx2023cgxc,2023-02-25T07:07:49.040Z,"57 km S of Whites City, New Mexico",earthquake,0.7428080817,0.8039887205,0,6,reviewed,tx,tx
2023-02-02T00:37:11.750Z,35.5963333,-117.5995,7.1,3.11,ml,46,41,0.06447,0.11,ci,ci40165247,2023-02-22T02:34:17.040Z,"7km ESE of Ridgecrest, CA",earthquake,0.11,0.28,0.158,228,reviewed,ci,ci
2023-02-02T00:11:01.670Z,34.3035,-118.4691667,2.5,2.9,ml,108,24,0.01573,0.23,ci,ci40165223,2023-02-22T04:44:09.419Z,"2km WSW of Sylmar, CA",earthquake,0.14,0.22,0.139,27,reviewed,ci,ci
2023-02-01T18:23:04.245Z,31.60722965,-104.235339,9.679272461,2.7,ml,47,69,0.06923204475,0.2,tx,tx2023cgaz,2023-02-28T18:25:02.040Z,"53 km NW of Toyah, Texas",earthquake,0.6986895438,0.9213208805,0,6,reviewed,tx,tx
2023-02-01T16:25:23.120Z,34.95383333,-97.722,10.41,2.76,ml,95,42,0,0.2,ok,ok2023cfxc,2023-02-21T22:48:39.105Z,"",earthquake,,0.8,0.24,40,reviewed,ok,ok
2023-02-01T15:16:51.120Z,31.59014857,-104.2497371,6.131567383,2.5,ml,20,72,0.08260792704,0.1,tx,tx2023cfuv,2023-02-20T06:30:17.040Z,"53 km NW of Toyah, Texas",earthquake,0.7419999297999998,1.368507962,0.1,17,reviewed,tx,tx
2023-02-01T15:14:20.644Z,31.59569495,-104.2438615,6.851391602,2.6,ml,21,71,0.07812192632,0.1,tx,tx2023cfus,2023-02-20T06:24:46.040Z,"52 km NW of Toyah, Texas",earthquake,0.8534341201999999,1.057433859,0.1,22,reviewed,tx,tx
2023-02-01T14:58:07.873Z,31.58693154,-104.2497133,6.902807617,2.5,ml,14,72,0.08579525446,0.1,tx,tx2023cfug,2023-02-08T07:39:21.040Z,"52 km NW of Toyah, Texas",earthquake,1.0674911499999997,1.449391064,0.1,20,reviewed,tx,tx
2023-02-01T10:24:05.550Z,38.7946667,-122.7386667,1.49,2.52,md,83,41,0.01151,0.06,nc,nc73840491,2023-02-15T06:00:12.040Z,"2km NE of The Geysers, CA",earthquake,0.1,0.16,0.202,70,reviewed,nc,nc
2023-02-01T09:05:02.320Z,33.886,-116.2578333,3.19,3.11,ml,91,46,0.0805,0.17,ci,ci40164927,2023-02-15T05:57:03.040Z,"14km ENE of Thousand Palms, CA",earthquake,0.11,0.3,0.13,134,reviewed,ci,ci
2023-02-01T07:01:46.124Z,31.60558541,-103.9706687,9.987768555,2.8,ml,26,47,0.005355489757,0.1,tx,tx2023cfen,2023-03-02T07:37:08.040Z,"36 km NNW of Toyah, Texas",earthquake,0.6811296301,0.6745033116,0.1,35,reviewed,tx,tx
2023-02-01T06:36:37.629Z,37.2175,-104.5362,6.789,3.1,ml,11,84,0.127,0.3,us,us6000jknv,2023-03-02T07:25:46.813Z,"Colorado",earthquake,1.58,2.687,0.066,30,reviewed,us,us
2023-02-01T04:05:53.060Z,28.0618,-111.8708,10,4.1,mb,58,58,0.809,1.15,us,us6000jknf,2023-02-21T02:32:41.452Z,"78 km SSW of La Providencia, Mexico",earthquake,5.86,1.933,0.087,36,reviewed,us,us
2023-02-01T03:54:21.757Z,31.66365745,-104.3353263,8.39387207,2.6,ml,24,58,0.06056641886,0.2,tx,tx2023ceyi,2023-02-01T16:05:41.874Z,"56 km S of Whites City, New Mexico",earthquake,0.8385150788999999,1.005062776,0.1,30,reviewed,tx,tx
